{
  "values": [
    "minecraft:allay",
    "minecraft:axolotl",
    "minecraft:bat",
    "minecraft:bee",
    "minecraft:blaze",
    {
      "id": "minecraft:camel",
      "required": false
    },
    "minecraft:cat",
    "minecraft:cave_spider",
    "minecraft:chicken",
    "minecraft:cod",
    "minecraft:cow",
    "minecraft:creeper",
    "minecraft:dolphin",
    "minecraft:donkey",
    "minecraft:drowned",
    "minecraft:elder_guardian",
    "minecraft:end_crystal",
    "minecraft:ender_dragon",
    "minecraft:enderman",
    "minecraft:endermite",
    "minecraft:evoker",
    "minecraft:fox",
    "minecraft:frog",
    "minecraft:ghast",
    "minecraft:giant",
    "minecraft:glow_squid",
    "minecraft:goat",
    "minecraft:guardian",
    "minecraft:hoglin",
    "minecraft:horse",
    "minecraft:husk",
    "minecraft:illusioner",
    "minecraft:iron_golem",
    "minecraft:llama",
    "minecraft:magma_cube",
    "minecraft:minecart",
    "minecraft:mooshroom",
    "minecraft:mule",
    "minecraft:ocelot",
    "minecraft:panda",
    "minecraft:parrot",
    "minecraft:phantom",
    "minecraft:pig",
    "minecraft:piglin",
    "minecraft:piglin_brute",
    "minecraft:pillager",
    "minecraft:player",
    "minecraft:polar_bear",
    "minecraft:pufferfish",
    "minecraft:rabbit",
    "minecraft:ravager",
    "minecraft:salmon",
    "minecraft:sheep",
    "minecraft:shulker",
    "minecraft:silverfish",
    "minecraft:skeleton",
    "minecraft:skeleton_horse",
    "minecraft:slime",
    {
      "id": "minecraft:sniffer",
      "required": false
    },
    "minecraft:snow_golem",
    "minecraft:spider",
    "minecraft:squid",
    "minecraft:stray",
    "minecraft:strider",
    {
      "id": "minecraft:tadpole",
      "required": false
    },
    "minecraft:trader_llama",
    "minecraft:tropical_fish",
    "minecraft:turtle",
    "minecraft:vex",
    "minecraft:villager",
    "minecraft:vindicator",
    "minecraft:wandering_trader",
    "minecraft:warden",
    "minecraft:witch",
    "minecraft:wither",
    "minecraft:wither_skeleton",
    "minecraft:wolf",
    "minecraft:zoglin",
    "minecraft:zombie",
    "minecraft:zombie_horse",
    "minecraft:zombie_villager",
    "minecraft:zombified_piglin"
  ]
}
