{
  "amogus": {
    "sounds": [
      "emotional_damage:amogus"
    ],
    "subtitle": "sus"
  },
  "ad_adad_jakld_jaskld_jasdlsa": {
    "sounds": [
      "emotional_damage:ad_adad_jakld_jaskld_jasdlsa"
    ],
    "subtitle": "emotional damage"
  },
  "helicopter": {
    "sounds": [
      "emotional_damage:helicopter"
    ],
    "subtitle": "ascend"
  },
  "neowm": {
    "sounds": [
      "emotional_damage:neowm"
    ],
    "subtitle": "transform"
  },
  "brick": {
    "sounds": [
      "emotional_damage:brick"
    ],
    "subtitle": "failure"
  },
  "dominance": {
    "sounds": [
      "emotional_damage:silence"
    ],
    "subtitle": "dominance"
  },
  "slap": {
    "sounds": [
      "emotional_damage:slap"
    ],
    "subtitle": "slap"
  }
}